ID_Pregunta;Seccion;Pregunta;TipoRespuesta;Obligatoria;Activo;Orden;Opciones;AplicaVisita;DependeDe
P001;1;Nombre del cliente;Texto;Si;Si;1;;Prospección, Seguimiento condicional si quiere actualizar datos o si la visita es renovacion lo debe hacer;
P002;1;Tipo de identificación del cliente;Opcion multiple;Si;Si;2;CC | CE;Prospección, Seguimiento condicional si quiere actualizar datos o si la visita es renovacion lo debe hacer;
P003;1;Número de identificación del cliente;Texto;Si;Si;3;;Prospección, Seguimiento condicional si quiere actualizar datos o si la visita es renovacion lo debe hacer;
P004;1;Tipo de cliente;Opcion multiple;Si;Si;4;Nuevo | Antiguo del activo | Antiguo del pasivo;Prospección, Seguimiento condicional si quiere actualizar datos o si la visita es renovacion lo debe hacer;
P005;1;Estado civil;Opcion multiple;Si;Si;5;Soltero|Casado|Unión libre;Prospección, Seguimiento condicional si quiere actualizar datos o si la visita es renovacion lo debe hacer;
P006;1;Nombre del cónyuge;Texto;No;Si;6;;Prospección, Seguimiento condicional si quiere actualizar datos o si la visita es renovacion lo debe hacer;P005=Casado|Unión libre
P007;1;Tipo de identificación del cónyuge;Opcion multiple;No;Si;7;CC | CE;Prospección, Seguimiento condicional si quiere actualizar datos o si la visita es renovacion lo debe hacer;P005=Casado|Unión libre
P008;1;Número de identificación del cónyuge;Texto;No;Si;8;;Prospección, Seguimiento condicional si quiere actualizar datos o si la visita es renovacion lo debe hacer;P005=Casado|Unión libre
P009;1;Actividad del cónyuge;Texto;No;Si;9;;Prospección, Seguimiento condicional si quiere actualizar datos o si la visita es renovacion lo debe hacer;P005=Casado|Unión libre
P010;1;¿El cónyuge participa en el negocio del cliente?;Si/No;No;Si;10;Sí | No;Prospección, Seguimiento condicional si quiere actualizar datos o si la visita es renovacion lo debe hacer;P005=Casado|Unión libre
P011;1;Validación de antecedentes;Opcion multiple;Si;Si;11;Favorable | No Favorable | A criterio del Banco;Prospección, Seguimiento condicional si quiere actualizar datos o si la visita es renovacion lo debe hacer;
P012;1;Referencia de consulta;Texto;Si;Si;12;;Prospección, Seguimiento condicional si quiere actualizar datos o si la visita es renovacion lo debe hacer;
P013;1;Fecha de consulta (AAAAMMDD);Texto;Si;Si;13;;Prospección, Seguimiento condicional si quiere actualizar datos o si la visita es renovacion lo debe hacer;
P014;2;Nombre del negocio;Texto;Si;Si;1;;Prospección, Seguimiento condicional si quiere actualizar datos o si la visita es renovacion lo debe hacer;
P015;2;Dirección del negocio — Dirección 1;Texto;Si;Si;2;;Prospección, Seguimiento condicional si quiere actualizar datos o si la visita es renovacion lo debe hacer;
P016;2;Dirección del negocio — Barrio 1;Texto;Si;Si;3;;Prospección, Seguimiento condicional si quiere actualizar datos o si la visita es renovacion lo debe hacer;
P017;2;Dirección del negocio — Dirección 2/ opcional;Texto;Si;Si;4;;Prospección, Seguimiento condicional si quiere actualizar datos o si la visita es renovacion lo debe hacer;
P018;2;Dirección del negocio — Barrio 2/ opcional;Texto;Si;Si;5;;Prospección, Seguimiento condicional si quiere actualizar datos o si la visita es renovacion lo debe hacer;
P019;2;Dirección del negocio — Dirección 3/ opcional;Texto;Si;Si;6;;Prospección, Seguimiento condicional si quiere actualizar datos o si la visita es renovacion lo debe hacer;
P020;2;Dirección del negocio — Barrio 3/ opcional;Texto;Si;Si;7;;Prospección, Seguimiento condicional si quiere actualizar datos o si la visita es renovacion lo debe hacer;
P021;2;Teléfonos de contacto — Teléfono 1;Texto;Si;Si;8;;Prospección, Seguimiento condicional si quiere actualizar datos o si la visita es renovacion lo debe hacer;
P022;2;Teléfonos de contacto — Teléfono 2/ opcional;Texto;Si;Si;9;;Prospección, Seguimiento condicional si quiere actualizar datos o si la visita es renovacion lo debe hacer;
P023;2;Teléfonos de contacto — Teléfono 3/ opcional;Texto;Si;Si;10;;Prospección, Seguimiento condicional si quiere actualizar datos o si la visita es renovacion lo debe hacer;
P024;2;Código CIIU (Clasificación Industrial Internacional Uniforme);Texto;Si;Si;11;;Prospección, Seguimiento condicional si quiere actualizar datos o si la visita es renovacion lo debe hacer;
P025;2;Antigüedad del negocio — Años y meses;Texto;Si;Si;12;;Prospección, Seguimiento condicional si quiere actualizar datos o si la visita es renovacion lo debe hacer;
P026;2;¿Cómo se desarrolla la actividad? (descripción);Texto largo;Si;Si;13;;Prospección, Seguimiento condicional si quiere actualizar datos o si la visita es renovacion lo debe hacer;
P027;2;Horario de atención;Opcion multiple;Si;Si;14;Lunes a viernes|Todos los días;Prospección, Seguimiento condicional si quiere actualizar datos o si la visita es renovacion lo debe hacer;
P028;2;Administrador del negocio;Opcion multiple;Si;Si;15;Empleado | Socio;Prospección, Seguimiento condicional si quiere actualizar datos o si la visita es renovacion lo debe hacer;
P029;2;Nombre del administrador del negocio;Texto;Si;Si;16;;Prospección, Seguimiento condicional si quiere actualizar datos o si la visita es renovacion lo debe hacer;
P030;2;El administrador es;Opcion multiple;Si;Si;17;Solicitante | Cónyuge;Prospección, Seguimiento condicional si quiere actualizar datos o si la visita es renovacion lo debe hacer;
P031;2;Tipo de identificación del administrador;Opcion multiple;Si;Si;18;CC | CE;Prospección, Seguimiento condicional si quiere actualizar datos o si la visita es renovacion lo debe hacer;
P032;2;Número de identificación del administrador;Texto;Si;Si;19;;Prospección, Seguimiento condicional si quiere actualizar datos o si la visita es renovacion lo debe hacer;
P033;2;Tipo de régimen;Opcion multiple;Si;Si;20;Responsable de IVA | No responsable de IVA | Grandes Contribuyentes;Prospección, Seguimiento condicional si quiere actualizar datos o si la visita es renovacion lo debe hacer;
P034;2;¿Facturador electrónico?;Si/No;Si;Si;21;SI | NO;Prospección, Seguimiento condicional si quiere actualizar datos o si la visita es renovacion lo debe hacer;
P035;2;Fecha de inicio de facturación (DD/MM/AAAA);Texto;No;Si;22;;Prospección, Seguimiento condicional si quiere actualizar datos o si la visita es renovacion lo debe hacer;
P036;2;¿Residente?;Si/No;Si;Si;23;SI | NO;Prospección, Seguimiento condicional si quiere actualizar datos o si la visita es renovacion lo debe hacer;
P037;2;Código postal;Texto;Si;Si;24;;Prospección, Seguimiento condicional si quiere actualizar datos o si la visita es renovacion lo debe hacer;
P038;2;Fecha de la última visita realizada al cliente (DD/MM/AAAA);Texto;Si;Si;25;;Prospección, Seguimiento condicional si quiere actualizar datos o si la visita es renovacion lo debe hacer;
P039;2;Referenciación zonal;Texto largo;Si;Si;26;;Prospección, Seguimiento condicional si quiere actualizar datos o si la visita es renovacion lo debe hacer;
P040;2;Nombre del establecimiento o persona contactada;Texto;Si;Si;27;;Prospección, Seguimiento condicional si quiere actualizar datos o si la visita es renovacion lo debe hacer;
P041;2;Dirección de la persona contactada;Texto;Si;Si;28;;Prospección, Seguimiento condicional si quiere actualizar datos o si la visita es renovacion lo debe hacer;
P042;2;¿Quién atiende el negocio?;Texto;Si;Si;29;;Prospección, Seguimiento condicional si quiere actualizar datos o si la visita es renovacion lo debe hacer;
P044;2;¿El negocio está abierto permanentemente?;Si/No;Si;Si;30;Sí | No;Prospección, Seguimiento condicional si quiere actualizar datos o si la visita es renovacion lo debe hacer;
P045;3;Fecha de apertura del corresponsal (AAAA/MM/DD);Texto;Si;Si;1;;Seguimiento;
P046;3;Fecha de la última renovación (AAAA/MM/DD);Texto;Si;Si;2;; Seguimiento;
P047;3;Número de cuenta de corresponsalía;Texto;Si;Si;3;; Seguimiento;
P048;3;¿Se solicita aumento de cupo en la renovación?;Si/No;Si;Si;4;SI | NO; Seguimiento;
P049;3;Nuevo cupo sugerido ($);Texto;No;Si;5;; Seguimiento;P048=Si
P050;3;Cupo actual de corresponsalía ($);Texto;Si;Si;6;;Seguimiento;
P051;3;¿Cuenta con contrato en carpeta única?;Si/No;Si;Si;7;SI | NO;Seguimiento;
P052;3;¿El corresponsal se encuentra al día en sus pagos?;Si/No;Si;Si;8;SI | NO;Seguimiento;
P053;3;Número de veces que quedó en mora;Texto;No;Si;9;;Seguimiento;
P054;3;Señalización de identificación del Banco — Estado — Aviso Externo;Opcion multiple;Si;Si;10;Bueno | Cambió;Seguimiento;
P055;3;Señalización de identificación del Banco — Estado — Flanger;Opcion multiple;Si;Si;11;Bueno | Cambió;Seguimiento;
P056;3;Señalización de identificación del Banco — Estado — Ruana Reloj;Opcion multiple;Si;Si;12;Bueno | Cambió;Seguimiento;
P057;3;Señalización de identificación del Banco — Estado — Sticker;Opcion multiple;Si;Si;13;Bueno | Cambió;Seguimiento;
P058;3;Observaciones de infraestructura (descripción, dimensión, distribución, etc.);Texto largo;Si;Si;14;;Seguimiento;
P059;3;Observaciones sobre la señalización;Texto largo;Si;Si;15;;Seguimiento;
P060;3;Conexión de datáfono;Opcion multiple;Si;Si;16;Cable | SIM;Seguimiento;
P061;3;Observaciones de la conexión del datáfono;Texto largo;Si;Si;17;;Seguimiento;
P062;3;Durante la visita, ¿cuál es la conectividad con el Banco?;Opcion multiple;Si;Si;18;Sin conexión | Intermitente | Normal;Seguimiento;
P063;3;Atención al cliente / usuario — Capacitación;Si/No;Si;Si;19;Si | No;Seguimiento;
P064;3;Atención al cliente / usuario — Solución de Requerimiento;Si/No;Si;Si;20;Si | No;Seguimiento;
P065;3;Atención al cliente / usuario — Incremento Transaccional;Si/No;Si;Si;21;Si | No;Seguimiento;
P066;3;Atención al cliente / usuario — Entrega de Convenios;Si/No;Si;Si;22;Si | No;Seguimiento;
P067;3;Atención al cliente / usuario — ¿Cuenta con lo necesario para brindar atención adecuada al cliente/usuario?;Si/No;Si;Si;23;Si | No;Seguimiento;
P068;3;Insumos disponibles (seleccione todos los que apliquen);Seleccion multiple;Si;Si;24;Papel de datáfono | Alcancías | Lista de convenios | Cartilla de capacitación;Seguimiento;
P069;4;Ventas o ingresos brutos ($);Texto;Si;Si;1;;Prospección, Seguimiento pero si solicita aumento de cupo si no que sale;
P070;4;(-) Costos de ventas ($);Texto;Si;Si;2;;Prospección, Seguimiento pero si solicita aumento de cupo si no que sale;
P071;4;Gastos operacionales ($);Texto;Si;Si;3;;Prospección, Seguimiento pero si solicita aumento de cupo si no que sale;
P072;4;Utilidad bruta ($);Texto;Si;Si;4;;Prospección, Seguimiento pero si solicita aumento de cupo si no que sale;
P073;4;Utilidad neta ($);Texto;Si;Si;5;;Prospección, Seguimiento pero si solicita aumento de cupo si no que sale;
P074;4;Ingresos adicionales ($);Texto;Si;Si;6;;Prospección, Seguimiento pero si solicita aumento de cupo si no que sale;
P075;4;Actividad de ingresos adicionales;Texto;Si;Si;7;;Prospección, Seguimiento pero si solicita aumento de cupo si no que sale;
P076;4;Cuentas por cobrar ($);Texto;Si;Si;8;;Prospección, Seguimiento pero si solicita aumento de cupo si no que sale;
P077;4;Inventarios ($);Texto;Si;Si;9;;Prospección, Seguimiento pero si solicita aumento de cupo si no que sale;
P078;4;Muebles y enseres ($);Texto;Si;Si;10;;Prospección, Seguimiento pero si solicita aumento de cupo si no que sale;
P079;4;Maquinaria y equipo ($);Texto;Si;Si;11;;Prospección, Seguimiento pero si solicita aumento de cupo si no que sale;
P080;4;Vehículos ($);Texto;Si;Si;12;;Prospección, Seguimiento pero si solicita aumento de cupo si no que sale;
P081;4;Tipo de vehículos;Seleccion multiple;No;Si;13;Carro|Moto|Camioneta|Camión|Furgón|Ninguno;Prospección, Seguimiento pero si solicita aumento de cupo si no que sale;
P082;4;Inmuebles ($);Texto;Si;Si;14;;Prospección, Seguimiento pero si solicita aumento de cupo si no que sale;
P083;4;Tipo de inmuebles;Seleccion multiple;No;Si;15;Casa|Apartamento|Local comercial|Bodega|Lote|Otro;Prospección, Seguimiento pero si solicita aumento de cupo si no que sale;
P084;4;Otros activos ($);Texto;Si;Si;16;;Prospección, Seguimiento pero si solicita aumento de cupo si no que sale;
P085;4;Descripción de otros activos;Texto;No;Si;17;;Prospección, Seguimiento pero si solicita aumento de cupo si no que sale;
P086;4;TOTAL ACTIVOS ($);Texto;Si;Si;18;;Prospección, Seguimiento pero si solicita aumento de cupo si no que sale;
P087;4;Cuentas por pagar a terceros ($);Texto;Si;Si;19;;Prospección, Seguimiento pero si solicita aumento de cupo si no que sale;
P088;4;Saldos de obligaciones financieras ($);Texto;Si;Si;20;;Prospección, Seguimiento pero si solicita aumento de cupo si no que sale;
P089;4;TOTAL PASIVO ($);Texto;Si;Si;21;;Prospección, Seguimiento pero si solicita aumento de cupo si no que sale;
P090;8;CONCEPTO CUALITATIVO: ¿Por qué recomienda al cliente y su solicitud?;Texto largo;Si;Si;1;;Prospección, Seguimiento pero si solicita aumento de cupo si no que sale;
P091;8;¿Es viable comercialmente el aumento de cupo o vinculacion?;Si/No;Si;Si;2;si | no;Prospección, Seguimiento pero si solicita aumento de cupo si no que sale;
P092;8;Hora de terminación de la visita;Texto;Si;Si;3;;Prospección, Seguimiento pero si solicita aumento de cupo si no que sale;
P093;OF;Nombre de la oficina;Texto;Si;No;1;;Oficina;
P094;OF;Fecha de la visita (AAAA/MM/DD);Texto;Si;Si;2;;Oficina;
P095;OF;Nombre del funcionario de la oficina consultado;Texto;Si;Si;3;;Oficina;
P096;OF;¿El funcionario conoce puntos de corresponsales bancarios cerca de la oficina?;Si/No;Si;Si;4;Sí | No;Oficina;
P097;OF;¿Cuáles puntos conoce? (nombre y/o ubicación aproximada);Texto largo;Si;Si;5;;Oficina;
P098;OF;Observaciones generales de la visita de oficina;Texto largo;Si;Si;6;;Oficina;
